t_h,xmeas_7,xmeas_9,xmeas_10,xmv_6
2.13,2695.8288520955457,120.43572798228173,0.3311334429218233,39.14288520955457
2.133,2694.982577750941,120.4362225833814,0.3294455305658569,39.05825777509409
2.136,2695.3441078638,120.4323209070315,0.3293039471588348,39.094410786380024
2.139,2695.6580166363324,120.43249211312536,0.32875350181913204,39.12580166363324
2.141,2695.1250971487325,120.45455286289541,0.3296391369883171,39.07250971487325
2.144,2695.795925774372,120.41677272858803,0.33110191923375004,39.13959257743719
2.147,2695.2801772904763,120.4354403967886,0.326205958098216,39.088017729047635
2.15,2694.7297785511287,120.44895796292302,0.3288703255319987,39.03297785511287
2.153,2695.6076279670806,120.42580649005559,0.3246473335072156,39.120762796708064
2.156,2695.783052512518,120.43455507139986,0.32960949303087556,39.13830525125182
2.158,2695.8467551688805,120.44221649784357,0.33052792406618137,39.14467551688805
2.161,2695.753814766085,120.41260681414045,0.3259740661626797,39.13538147660849
2.164,2695.623974864338,120.45729992428555,0.3276290193143951,39.1223974864338
2.167,2695.3860708739553,120.42464819944027,0.3290436768964368,39.098607087395536
2.17,2695.91388908785,120.42313762668662,0.32539435973863623,39.15138890878499
2.173,2695.3689814357194,120.43132088751413,0.3278320333937661,39.09689814357195
2.176,2695.186084361774,120.42759091748938,0.330116110420897,39.07860843617742
2.178,2695.5513491861097,120.4548079810936,0.3245159703238273,39.11513491861098
2.181,2695.3458639990113,120.43634849682586,0.32934325008062726,39.09458639990113
2.184,2695.262393887467,120.43345800080499,0.3298971761169902,39.08623938874672
2.187,2695.7879179088727,120.44681209162604,0.3278755857894866,39.138791790887275
2.19,2695.7333459554266,120.43678641404668,0.3300035507268767,39.13333459554266
2.194,2695.8830494982694,120.44165833624912,0.33076057690044897,39.148304949826944
2.197,2696.1168581520333,120.44682758948977,0.33108959595019627,39.17168581520333
2.2,2695.592917191717,120.4528934327457,0.3288180961191082,39.11929171917169
2.202,2695.793105489315,120.4407674984457,0.3299234366281577,39.13931054893152
2.205,2695.6754824466307,120.45179652573606,0.32587426310056505,39.12754824466307
2.208,2696.124026131714,120.42550625972949,0.3293234414254249,39.17240261317139
2.211,2695.9527555031673,120.44225488896994,0.3294330895583482,39.15527555031673
2.214,2695.374877001907,120.42405884205115,0.32720946438130993,39.0974877001907
2.217,2695.9919643734115,120.42033935824756,0.3305840181807099,39.15919643734115
2.219,2695.2015004534637,120.43847965772699,0.3262530192206285,39.08015004534637
2.222,2695.383657507479,120.42283920235243,0.32837228571923543,39.09836575074788
2.225,2695.375067865568,120.44914041388279,0.33003891979567396,39.09750678655679
2.228,2695.370779773132,120.44332963963595,0.3277361245857174,39.09707797731322
2.231,2695.5439213938794,120.41132154179488,0.3264356904792264,39.11439213938794
2.234,2695.784454001761,120.43911899143474,0.3271908164973018,39.13844540017609
2.237,2695.9685081297985,120.44269881173201,0.32762985537704165,39.15685081297985
2.239,2695.614914313036,120.44020855005654,0.32971688041746694,39.1214914313036
2.242,2696.041594003902,120.44532788422859,0.32765921434276485,39.164159400390204
2.245,2695.287599626748,120.45859630825588,0.3278026862867219,39.08875996267481
2.248,2695.930303848635,120.44606717200868,0.32872814154882185,39.153030384863506
2.251,2696.041948922861,120.43359661417844,0.3282649367996974,39.16419489228612
2.253,2695.5558010281993,120.44583273497972,0.32507861932596227,39.11558010281993
2.256,2695.302276353769,120.4525787755708,0.33097483539069217,39.09022763537688
2.259,2695.820339324399,120.43151814777201,0.32525963033654887,39.142033932439894
2.262,2695.650699207836,120.46369195492436,0.32876479283701254,39.125069920783616
2.265,2695.717976850377,120.4300639521612,0.32965311658719826,39.131797685037704
2.268,2695.726517311693,120.4414389864508,0.328560008035988,39.132651731169304
2.27,2696.5639745232534,120.44484455438595,0.33048693175841354,39.21639745232534
2.273,2695.6537403764055,120.43994900604889,0.3298499120131381,39.125374037640555
2.276,2695.386341741318,120.46264018745146,0.32956615002375617,39.09863417413182
2.279,2695.774384555091,120.42378599159306,0.3268157794076379,39.137438455509084
2.282,2695.6480968680116,120.44433094335396,0.3286277389680663,39.124809686801164
2.285,2695.639198649056,120.43520017579405,0.3262604157352031,39.12391986490562
2.288,2695.7806955817127,120.43738520775139,0.32832904536808816,39.138069558171274
2.29,2695.4503125259607,120.44596870884985,0.33008017160137876,39.10503125259608
2.293,2695.70388516514,120.43582068561457,0.327901542409812,39.130388516514
2.296,2696.173849490859,120.4494703618865,0.3291750955190536,39.17738494908591
2.299,2695.694305274898,120.43786286327862,0.33251525091115375,39.129430527489795
2.302,2695.7741534966835,120.4298766764727,0.32806079290640106,39.13741534966836
2.304,2695.648151894085,120.43696739365572,0.3276192144642341,39.1248151894085
2.307,2695.77578742782,120.43430717803135,0.32891604247505296,39.137578742782
2.31,2695.7464716777004,120.4252241573022,0.329174086918038,39.13464716777004
2.313,2696.1813166578404,120.43067989382564,0.3289627799082747,39.17813166578404
2.316,2696.213259014445,120.4215884781768,0.32665285253243936,39.18132590144452
2.319,2695.574524689674,120.42894415648259,0.32789646976388886,39.11745246896741
2.321,2696.2588335940827,120.43489104559288,0.32822967041476275,39.18588335940827
2.324,2695.5558382993468,120.44169279017689,0.3293012505531715,39.11558382993468
2.327,2696.0390542089885,120.44738970721626,0.3270306985236066,39.16390542089886
2.33,2695.9362371858697,120.45279957313501,0.3282522711532049,39.15362371858697
2.333,2695.891608619567,120.4389597487595,0.3307201359338636,39.14916086195668
2.335,2695.28072607076,120.45099438049164,0.3286808888551418,39.088072607076
2.338,2696.38110669557,120.44713924866329,0.32698381876359367,39.198110669557
2.341,2695.832845109071,120.43663791777395,0.3305957580735545,39.14328451090711
2.344,2696.349368285762,120.44046304080649,0.3310216969788218,39.1949368285762
2.347,2695.5367041321956,120.42942411149745,0.32823463740532005,39.113670413219566
2.35,2695.466169850519,120.43546592488013,0.3276187646255435,39.10661698505188
2.352,2695.4292168085594,120.45282310551204,0.3301912889974012,39.10292168085594
2.355,2696.1783621919226,120.44907211145657,0.3260280998832831,39.17783621919226
2.358,2696.0977248251634,120.44073177411698,0.3283749459751287,39.169772482516336
2.361,2695.797952100007,120.44481852485913,0.32671745425232307,39.139795210000706
2.364,2696.126968266368,120.44306417140768,0.33257083511720453,39.17269682663679
2.367,2696.1119373998185,120.45382366459694,0.3275072506817243,39.17119373998186
2.37,2695.7217362449856,120.46551103409199,0.3282913593158372,39.132173624498556
2.372,2696.2088161020374,120.44910531989476,0.3306069688981573,39.18088161020374
2.375,2696.4385810979984,120.44437744814603,0.32500162244067926,39.20385810979984
2.378,2696.368678713211,120.4630270437334,0.3262749906775138,39.1968678713211
2.381,2696.2331003581926,120.46341954217951,0.3292134526160476,39.18331003581926
2.384,2696.597089010287,120.47398121098871,0.3331018232092445,39.21970890102872
2.387,2696.8518594189877,120.46048563258269,0.32637986641124345,39.245185941898775
2.389,2695.6410477400254,120.47523017362235,0.3285559545893524,39.12410477400255
2.392,2696.2942468729593,120.47640170154382,0.3286108821222978,39.18942468729593
2.395,2696.590509515221,120.49500656298464,0.3296523380044045,39.219050951522114
2.398,2696.6046719297665,120.4738204546799,0.3285844378572509,39.22046719297665
2.401,2696.4219005950426,120.48565053746367,0.32795258399818317,39.20219005950427
2.403,2696.5129003270404,120.49660607732956,0.32739253894609377,39.21129003270404
2.406,2696.525873224586,120.47378969970632,0.33078953937559075,39.21258732245862
2.409,2696.832943744021,120.48764937902904,0.32914261659711935,39.24329437440211
2.412,2696.3015054173325,120.4808887478153,0.32941207946129825,39.190150541733246
2.415,2696.5421077744177,120.49642902103105,0.3322072025630126,39.21421077744177
2.418,2696.717891671269,120.47701016710691,0.32869299333508256,39.23178916712692
2.42,2696.5430798047832,120.48267556769287,0.3286281918896333,39.214307980478324
2.423,2696.405564771121,120.50784954212178,0.3294890087685902,39.200556477112116
2.426,2696.4324906540364,120.47552405146368,0.33029067600819956,39.20324906540365
2.429,2696.4180533541185,120.51851830155526,0.3313770420661756,39.20180533541185
2.432,2696.1476993198135,120.4897111317688,0.33045629274399885,39.174769931981345
2.435,2695.7009641680506,120.49190661560647,0.32861845700688097,39.13009641680507
2.437,2696.5728263193987,120.50748741686235,0.3302278371815481,39.217282631939874
2.44,2696.9076538448676,120.50077426100574,0.32932480688021115,39.25076538448676
2.443,2696.3947288413915,120.50257544235845,0.32714737113515774,39.199472884139155
2.446,2695.7166295585425,120.51565083937884,0.32704724698599025,39.13166295585425
2.449,2695.8479854745724,120.512776689816,0.3281940847659004,39.14479854745724
2.452,2696.2911498483186,120.52684364492777,0.328940901865286,39.18911498483186
2.455,2696.220675803648,120.51066707641084,0.3282026853400898,39.18206758036482
2.457,2695.9579235606957,120.53109584688734,0.3260281902995445,39.15579235606957
2.46,2696.3836889263794,120.50717041448134,0.32876118789631065,39.19836889263794
2.463,2695.6291723686772,120.50036452556908,0.3280159164229853,39.12291723686773
2.466,2696.7861062203183,120.50368569801292,0.3292476036572082,39.23861062203183
2.469,2696.0149414569046,120.50982470179156,0.32960866302964115,39.16149414569046
2.472,2695.8026390239397,120.52157450415908,0.32929880524694943,39.140263902393976
2.474,2695.516742726769,120.5161374301336,0.3265505476988984,39.111674272676886
2.477,2696.6342069600573,120.52685180116363,0.32873935907569596,39.22342069600573
2.48,2695.860973044847,120.51083942071331,0.3270951842200693,39.146097304484705
2.483,2696.2540185858693,120.51082729161675,0.32851829564171525,39.18540185858693
2.486,2695.189358721088,120.51953459180352,0.3301995255584267,39.0789358721088
2.489,2695.479042910174,120.50984995720181,0.3305276034762312,39.107904291017405
2.491,2696.295377178571,120.51571879240353,0.3295362081511125,39.18953771785711
2.494,2695.711949237333,120.48172170056196,0.3286444220337588,39.13119492373331
2.497,2695.491411058784,120.50680133948606,0.3280115322513102,39.10914110587838
2.5,2695.811460703701,120.51304316799887,0.3280892810769228,39.1411460703701
2.503,2695.651540306924,120.51095744742663,0.33066791947683233,39.125154030692386
2.506,2695.63210658558,120.51156833922656,0.3296105860342276,39.123210658558
2.508,2696.0286885332025,120.50799318608082,0.3285067717117978,39.162868853320255
2.511,2695.325436940945,120.50289957343693,0.3301688586028372,39.092543694094516
2.514,2695.4547969530495,120.50367497913503,0.32845844108293415,39.10547969530495
2.517,2695.1683069335586,120.51878239962613,0.3295190423811894,39.07683069335586
2.52,2695.926162262807,120.49667922330418,0.32712056131711204,39.15261622628069
2.523,2695.5574210342347,120.49573662090347,0.330929117392022,39.11574210342347
2.525,2695.510555977119,120.50766013053263,0.3282434963730976,39.11105559771191
2.528,2695.335713353887,120.50061757988087,0.32575837657902157,39.09357133538871
2.531,2695.633987194972,120.49731589164476,0.32697026084651654,39.12339871949722
2.534,2695.7590573574694,120.49623145163025,0.326969418185362,39.13590573574694
2.537,2695.6487670841516,120.50573314150901,0.32792654813544847,39.12487670841516
2.539,2695.7282749858095,120.48318704622102,0.3279783929265319,39.13282749858096
2.542,2695.3928942140296,120.49238158897751,0.32918289826591374,39.099289421402965
2.545,2695.5115389076636,120.51475726120012,0.32798166861819084,39.11115389076637
2.548,2695.948936457074,120.49980454810206,0.325555891677203,39.15489364570741
2.551,2695.275143872887,120.50850376686302,0.3289408564872948,39.08751438728869
2.554,2695.107807781479,120.48800306554168,0.32753196711566857,39.07078077814791
2.556,2695.6163535668443,120.48615024085349,0.3264504830115149,39.12163535668443
2.559,2695.1817749343427,120.50988246142984,0.3293188777917727,39.07817749343427
2.562,2695.4841796101537,120.49193005054505,0.32786270617940266,39.10841796101537
2.565,2695.320295151435,120.492570434165,0.3275363145684745,39.092029515143494
2.568,2695.602262986924,120.50204582487919,0.32482738376569414,39.1202262986924
2.571,2695.1663885030835,120.50083513118192,0.3266744517613191,39.07663885030835
2.573,2695.945076503506,120.48661063057762,0.33018468461432515,39.15450765035058
2.576,2695.071811876523,120.50383666228375,0.32775569481351813,39.06718118765231
2.579,2696.0636699974034,120.50772050082386,0.3274149986824256,39.16636699974034
2.582,2695.661082063094,120.49861348786175,0.32309398144880247,39.126108206309404
2.585,2695.0643858418607,120.48690061858929,0.32764685813474104,39.06643858418607
2.588,2695.481110028696,120.4928339175101,0.3265975837808572,39.10811100286961
2.59,2695.3719780981314,120.47802395152138,0.331141424501524,39.097197809813146
2.593,2695.1894250385913,120.49647936834576,0.32576045961440475,39.078942503859125
2.596,2695.1993512957038,120.50436561035518,0.32866259859054175,39.07993512957038
2.599,2695.4788944731645,120.50562618971577,0.3283555592225935,39.10788944731645
2.602,2695.186318183311,120.50214663628199,0.3290043875177613,39.0786318183311
2.604,2695.414647219475,120.49142200350147,0.32721971439735414,39.10146472194748
2.607,2695.4473141022413,120.47542859901004,0.32408236118686456,39.10473141022413
2.61,2695.124947320039,120.47718784461482,0.3267791469832961,39.07249473200392
2.613,2694.604743413267,120.48263284500592,0.32839002931229466,39.020474341326704
2.616,2695.5495066463645,120.47755070848842,0.32932614144676403,39.11495066463645
2.619,2695.763390432308,120.46802134460697,0.3261318905575245,39.13633904323079
2.621,2695.3559694355786,120.47003673690205,0.32975158820765754,39.09559694355786
2.624,2695.303359293488,120.49186680762469,0.3277197761021444,39.090335929348804
2.627,2695.4846023841937,120.47171536061907,0.32889616644793696,39.108460238419376
2.63,2696.074228009079,120.48552478747652,0.3251485370537602,39.1674228009079
2.633,2695.450974137918,120.47923978278887,0.3280948141541593,39.105097413791796
2.636,2695.284728467214,120.47871306525369,0.3245329695730753,39.08847284672139
2.638,2694.9959698783955,120.46909108338497,0.3289745046638871,39.059596987839555
2.641,2695.689574820826,120.45709447317874,0.327508838551238,39.12895748208258
2.644,2695.110526140937,120.45340756225677,0.3278560676872488,39.07105261409371
2.647,2695.847907376532,120.47388703625558,0.3270356220593351,39.1447907376532
2.65,2695.2703662667254,120.49371463268993,0.3261194231054923,39.08703662667254
2.652,2694.974961521786,120.48882308343484,0.32844358536735946,39.057496152178615
2.655,2695.4311407494306,120.46993347171687,0.3262819121900654,39.103114074943065
2.658,2695.4982749624523,120.48783183696811,0.3283191217684686,39.10982749624524
2.661,2695.5999859055346,120.48180402631557,0.3279560417041162,39.119998590553465
2.664,2694.948278048299,120.4752968933408,0.3281083893250741,39.054827804829905
2.667,2695.157818767796,120.4718467664993,0.3274350843268643,39.0757818767796
2.669,2695.4929533461345,120.48983491708907,0.32940355967659735,39.109295334613456
2.672,2695.2597050042496,120.47337427871925,0.3268312060517234,39.085970500424956
2.675,2695.071068028185,120.47240397530385,0.32790005890634855,39.0671068028185
2.678,2695.3112361490867,120.48042312535006,0.3299327730335493,39.09112361490867
2.681,2694.891533802877,120.48086149572397,0.3257241024484547,39.04915338028769
2.684,2695.4182158224276,120.46721205901362,0.3247384524766492,39.101821582242756
2.687,2695.4682972334263,120.46279699223267,0.3259351437671023,39.10682972334263
2.689,2695.2323013646555,120.45132970619933,0.3273765278129062,39.08323013646556
2.692,2695.564194906609,120.46764237188758,0.32648535191412065,39.116419490660896
2.695,2694.908381913779,120.47566265623561,0.32613262840348645,39.050838191377906
2.698,2695.763467349178,120.46878347955807,0.32589972764915637,39.1363467349178
2.701,2695.2430311397998,120.47049946541033,0.32904955378886036,39.08430311397998
2.703,2694.9044309136516,120.4654924969472,0.32994988351673743,39.05044309136516
2.706,2695.121615727203,120.45967202682729,0.32756170126056045,39.07216157272029
2.709,2694.924209794393,120.4772537671489,0.3270702297300357,39.0524209794393
2.712,2695.6220126707794,120.48165673911836,0.3297324920446977,39.12220126707795
2.715,2695.5094557888933,120.46630886584008,0.33156957346738314,39.110945578889336
2.718,2695.5856054205715,120.46458645750378,0.32588068923765556,39.11856054205715
2.72,2695.1690730022196,120.47741695556161,0.3270366713494806,39.07690730022197
2.723,2694.943499604958,120.46391132359139,0.32767060030512685,39.05434996049581
2.726,2695.578716284195,120.45652318772115,0.32762774211834716,39.11787162841948
2.729,2695.3993822373386,120.45877473114446,0.3275689059820625,39.099938223733865
2.732,2695.4054400215487,120.46414577280603,0.3275959709940715,39.10054400215487
2.735,2695.6870234957782,120.46602218640568,0.328076505225376,39.12870234957783
2.737,2694.7510684707636,120.45945589284446,0.328728683613239,39.035106847076364
2.74,2695.2679666924005,120.4878834017055,0.32880909446647955,39.08679666924005
2.743,2695.537863783368,120.4708268680438,0.32608099104747507,39.11378637833678
2.746,2695.294877564513,120.4774482931981,0.32699065053763304,39.08948775645132
2.749,2695.376500246253,120.46554674406401,0.32667962853673993,39.09765002462528
2.751,2695.0185085470866,120.49429454880273,0.3293817062305575,39.061850854708666
2.754,2694.883802157205,120.48256694257854,0.3286083705637803,39.04838021572051
2.757,2695.267369538759,120.47992631320646,0.32795196697167583,39.08673695387589
2.76,2695.369451313228,120.46472410916073,0.327614939868053,39.09694513132282
2.763,2695.584426007578,120.48044124864883,0.33196999491267776,39.11844260075778
2.766,2695.7166206295014,120.48047412296222,0.32840521688458785,39.13166206295015
2.768,2694.881410906195,120.47260170016217,0.3276737797646315,39.0481410906195
2.771,2695.1320840665594,120.4851977764841,0.32623629405706683,39.073208406655944
2.774,2695.0705479254248,120.48459683114943,0.3277812438409105,39.06705479254248
2.777,2694.7991768694496,120.46418244397937,0.3289032389882314,39.03991768694497
2.78,2695.3274374489956,120.46743699610633,0.3289998435794762,39.092743744899565
2.783,2695.2706626384543,120.46788967939172,0.3266666234148733,39.08706626384543
2.785,2695.451100807612,120.47186578762904,0.3304423224173283,39.1051100807612
2.788,2695.338897999743,120.45952791051691,0.3280172192966516,39.093889799974306
2.791,2694.701782731997,120.48679210772141,0.3263182527342448,39.030178273199695
2.794,2695.165840250495,120.46719176797197,0.32719219569891744,39.0765840250495
2.797,2695.3134433481378,120.46420439934697,0.32925530670029923,39.091344334813776
2.799,2695.29124594285,120.46776940072505,0.3280111134586428,39.08912459428499
2.802,2695.013195037711,120.47955613616548,0.32251405461487365,39.06131950377109
2.805,2695.1394731136347,120.49881891218597,0.3263158817235032,39.073947311363476
2.808,2695.0521507974554,120.46024763779143,0.3282448266615412,39.06521507974554
2.811,2695.161274223385,120.48742229352327,0.3282688433609614,39.076127422338516
2.814,2695.251368205975,120.4636900041348,0.3257435771102913,39.085136820597484
2.816,2695.2604186674616,120.46821433940683,0.3284788550113099,39.086041866746164
2.819,2695.0777454383647,120.48170313736713,0.32919140568841276,39.06777454383647
2.822,2695.5552414643907,120.46673724704942,0.32867916198536123,39.11552414643908
2.825,2695.2868255577964,120.47674078834223,0.327205065536572,39.08868255577964
2.828,2695.2870030253794,120.46518631053972,0.3306254031783158,39.08870030253794
2.83,2695.2805623089534,120.46627889566197,0.32529375397642263,39.08805623089535
2.833,2695.1748420061654,120.47742421417809,0.3275783619810583,39.07748420061654
2.836,2694.830853958415,120.47960928321868,0.32805955263380815,39.0430853958415
2.839,2694.6356350875067,120.48630265549019,0.32674758707740587,39.02356350875067
2.842,2695.2599628761686,120.49068207765389,0.32939757312307966,39.085996287616865
2.845,2695.5549560438367,120.47523105140552,0.3267039752750071,39.11549560438367
2.847,2695.163265195513,120.47387523292177,0.3301676379128189,39.07632651955129
2.85,2695.5520271415635,120.46392499598169,0.32745716194563423,39.115202714156354
2.853,2695.2648782515093,120.46895908663184,0.3281266233622447,39.08648782515094
2.856,2695.07124418997,120.48438986789957,0.3312949470588533,39.067124418997004
2.859,2695.1037349585836,120.46541317605448,0.32804527914449483,39.07037349585836
2.861,2695.369349201926,120.48058349880286,0.32767653048632006,39.09693492019261
2.864,2694.8973149872095,120.48388999641635,0.3294673460176676,39.04973149872095
2.867,2695.070628347151,120.47330371768015,0.3273882898468873,39.06706283471509
2.87,2694.905524626555,120.47222276298034,0.327162037178482,39.05055246265548
2.873,2695.3593812951567,120.47047368859347,0.32805870265220094,39.09593812951567
2.875,2695.1122184368332,120.46856270684847,0.3284361957165561,39.071221843683325
2.878,2695.3215223565594,120.48082427183138,0.3290118929244082,39.092152235655945
2.881,2695.6224601432878,120.47483920230458,0.328086235260273,39.12224601432878
2.884,2695.1071746938987,120.48138213748736,0.32846170648450124,39.070717469389876
2.887,2695.04107720729,120.49147155584005,0.3307827220614191,39.06410772072901
2.89,2695.148497894674,120.46611850447597,0.32819060839800335,39.07484978946742
2.892,2695.3019983249087,120.4792309774105,0.32696670840402187,39.090199832490875
2.895,2695.536789951256,120.47009842759878,0.3304599316967398,39.113678995125625
2.898,2695.4077152438076,120.46791689778904,0.32744019464401847,39.10077152438076
2.901,2695.5478814398616,120.48363356737603,0.32839513101294926,39.11478814398616
2.904,2695.7895733543155,120.49719867045076,0.3289261005745906,39.138957335431556
2.906,2695.312701212337,120.46616021705015,0.32778256292552066,39.091270121233684
2.909,2694.591366718964,120.46917442038264,0.3305671483129495,39.01913667189639
2.912,2695.390857652192,120.47595197423796,0.32819654176343893,39.099085765219215
2.915,2694.9472321310577,120.4743220256577,0.328858946809736,39.054723213105774
2.918,2695.2841584314833,120.47206461105654,0.3282223243203871,39.08841584314833
2.92,2695.48072570534,120.47601136331382,0.3295969647013869,39.10807257053399
2.923,2695.404309645431,120.4688612965642,0.32951745211128197,39.100430964543115
2.926,2694.8571133639693,120.48868352162536,0.33000965551709355,39.045711336396934
2.929,2695.2479402756617,120.48318595845438,0.32707990173257534,39.08479402756617
2.932,2695.3307589353335,120.4702756089338,0.3274252048459899,39.09307589353335
2.935,2695.3104573609426,120.4876576902329,0.3279319498818429,39.09104573609426
2.937,2694.8866726093274,120.48853429208819,0.3280491217939474,39.048667260932746
2.94,2695.4026559358404,120.4625657285329,0.32812880371096265,39.10026559358404
2.943,2694.8631808765813,120.46443187318401,0.3287537877366605,39.04631808765813
2.946,2695.612840601435,120.48203541445068,0.32782003764512335,39.1212840601435
2.949,2694.865213774256,120.4831234856548,0.3250590521095404,39.046521377425606
2.951,2695.1803980105606,120.47048445687442,0.32798288004884085,39.07803980105606
2.954,2695.3292849902236,120.4702552200994,0.3293710341241345,39.092928499022364
2.957,2695.0934874034556,120.46087394281672,0.32896229111953745,39.06934874034556
2.96,2695.0282230284574,120.46019238143639,0.32742965964697107,39.062822302845746
2.963,2695.3723587518975,120.47610779374583,0.3253825053201802,39.09723587518975
2.965,2695.1298086886586,120.4673185508012,0.3265104468113892,39.07298086886586
2.968,2694.9173327009553,120.45371290867762,0.3297248213617239,39.05173327009553
2.971,2695.036678508251,120.46416029846174,0.3278575041763089,39.063667850825105
2.974,2695.410819556554,120.47644681740587,0.3257238131642513,39.10108195565541
2.977,2695.1087080433886,120.47856437319058,0.3272776887218071,39.07087080433886
2.98,2695.8355887614725,120.46830832812147,0.33129277703858007,39.14355887614725
2.982,2695.552813758379,120.4858729705153,0.32925082245029025,39.115281375837924
2.985,2694.875102273509,120.45766760717424,0.328251972891678,39.04751022735091
2.988,2695.14854508194,120.47451460155695,0.3285937413191297,39.07485450819401
2.991,2695.7104948162296,120.46418516347609,0.3305662537046663,39.13104948162296
2.994,2694.6955873592447,120.48507791337315,0.32753265936949827,39.02955873592447
2.996,2695.2625551335314,120.4633356352394,0.3280403655709026,39.08625551335314
2.999,2694.875734535823,120.46369218860367,0.3271308098646236,39.04757345358231
3.002,2695.227695915894,120.46581335211596,0.32784951148443137,39.0827695915894
3.005,2694.911430946639,120.44180583385875,0.32740941442555743,39.05114309466391
3.008,2694.8485206585096,120.45331622508616,0.32786855200826953,39.04485206585097
3.011,2695.151318377873,120.46387911226864,0.3293874774102735,39.075131837787296
3.013,2695.2086054056244,120.46899377254312,0.32411699528885274,39.08086054056245
3.016,2694.969809190511,120.48003149775296,0.3284192156071619,39.056980919051114
3.019,2695.7463035393807,120.4624975363224,0.33030888015003806,39.13463035393808
3.022,2694.960626071354,120.46984160262116,0.32650108944549394,39.0560626071354
3.025,2694.814474285107,120.46556171633723,0.32862594596507344,39.041447428510686
3.028,2694.815009672591,120.48313461287474,0.3276599421481342,39.04150096725908
3.031,2695.3504533400096,120.47592817081848,0.32739483369967093,39.095045334000964
3.033,2695.302129216941,120.46707728734819,0.32965774952719923,39.0902129216941
3.036,2695.1132088952054,120.45402115390529,0.3287315764125137,39.07132088952054
3.039,2695.250868672862,120.46876466652397,0.33015758056200795,39.0850868672862
3.042,2695.4984511167877,120.47464891516648,0.32574457832973047,39.10984511167877
3.045,2695.3653500542846,120.45510702753604,0.32605037110541457,39.096535005428464
3.047,2695.315102013249,120.46317452736407,0.32807240125195414,39.09151020132491
3.05,2694.9323729001035,120.46334080993283,0.3294240419755812,39.05323729001035
3.053,2695.4643770299335,120.48079164699642,0.32590574179143944,39.106437702993354
3.056,2694.884079826757,120.47879382354348,0.328179002102544,39.0484079826757
3.059,2695.105913044785,120.48071392759465,0.32850062336495695,39.070591304478526
3.062,2695.3291219547523,120.48001523173976,0.326775529029487,39.09291219547523
3.064,2695.4417428071806,120.47758529404712,0.32752647812422264,39.10417428071806
3.067,2695.383554345364,120.48009881512506,0.32899166803520197,39.09835543453638
3.07,2695.8495943017815,120.46990554675776,0.3270463439547291,39.144959430178154
3.073,2695.480936020219,120.47225697738006,0.32537710454617463,39.108093602021896
3.076,2695.363187083487,120.48253942164344,0.33061069880287214,39.096318708348704
3.079,2695.3211241710987,120.48595612896175,0.3308246615331715,39.092112417109874
3.081,2695.6534943781817,120.46581037521027,0.3285468542364942,39.12534943781817
3.084,2695.754499771175,120.48073341819467,0.32913624417074594,39.13544997711748
3.087,2694.682388715413,120.4763744401766,0.32919588939845673,39.028238871541284
3.09,2694.9962634081685,120.46810068628763,0.3272832511502458,39.05962634081685
3.093,2695.643468662222,120.47114552419559,0.329720130034976,39.1243468662222
3.096,2694.6757282871677,120.47076153489921,0.32953420806010186,39.02757282871677
3.098,2695.579872431525,120.48110751960539,0.3309016792799891,39.117987243152506
3.101,2694.4354587938733,120.47136710166114,0.3298743402136185,39.00354587938733
3.104,2695.36877773785,120.4905002877256,0.32852429658355925,39.096877773785
3.107,2694.836584490239,120.47641427098237,0.32689625754895174,39.043658449023916
3.11,2695.138977533596,120.46759167341652,0.3269021110804036,39.07389775335961
3.113,2695.533320795662,120.45940687441113,0.32656003513945997,39.11333207956619
3.115,2695.1925380176062,120.47680466896558,0.3241976834582827,39.07925380176063
3.118,2695.2314543073385,120.47594282942997,0.3310553401875759,39.08314543073385
3.121,2695.26601342009,120.4730675648275,0.32590405695596153,39.08660134200901
3.124,2695.1901641448826,120.46361854885858,0.3277876415299903,39.079016414488265
3.127,2694.852737683903,120.48295136421797,0.32601373064099476,39.04527376839029
3.13,2695.005380599834,120.46632507734704,0.3303687994176196,39.060538059983415
3.132,2695.4908488821943,120.48776153268228,0.32702233165999356,39.109084888219435
3.135,2694.648100421413,120.47741345689569,0.32651036711529136,39.02481004214129
3.138,2695.1259727086617,120.47858546156819,0.3281801461612007,39.072597270866176
3.141,2694.6867267916064,120.48662763098038,0.3286338189351139,39.028672679160636
3.144,2695.2867434028317,120.47686216306343,0.32661004327586646,39.08867434028317
3.147,2695.735944820085,120.49082100246262,0.32433216517960045,39.133594482008505
3.149,2694.6524786955747,120.48270192928325,0.327892427924263,39.025247869557475
3.152,2694.9296097599376,120.47004957431757,0.32816366560698673,39.05296097599377
3.155,2695.0379850218233,120.47038583485588,0.3291459817531693,39.06379850218233
3.158,2695.288839770276,120.49461616510447,0.32825031659021164,39.08888397702759
3.161,2696.009888659271,120.46363284239085,0.3263422357832219,39.160988865927095
3.164,2695.1398809041516,120.46841645717014,0.3302697049481909,39.07398809041516
3.166,2695.1317703367486,120.49788967467828,0.3253743035666197,39.07317703367486
3.169,2695.267860197368,120.45775438273094,0.3276344298855596,39.086786019736806
3.172,2695.0837815476607,120.47589900096435,0.3270484833399868,39.06837815476607
3.175,2695.197836334529,120.47321362004341,0.3261715780323889,39.079783633452884
3.178,2694.7448231569815,120.50064012080786,0.32789087210378587,39.034482315698156
3.18,2694.727008774402,120.4687373436612,0.3278330615321065,39.032700877440185
3.183,2694.990552063626,120.47182638280826,0.3283805752783066,39.05905520636262
3.186,2695.0571012237583,120.46744617690118,0.32713692963541463,39.06571012237583
3.189,2695.268579283761,120.46664755023322,0.3263520102621641,39.086857928376105
3.192,2695.3539342459867,120.47038301351786,0.33170522081931,39.09539342459867
3.195,2695.0374671486165,120.46963252765543,0.3284248274095803,39.06374671486166
3.197,2695.0145207771666,120.47231484313112,0.3285815866703834,39.06145207771666
3.2,2695.4583814926887,120.46172046835515,0.3282278319405076,39.10583814926887
3.203,2695.1992196101232,120.48192595498452,0.3307123309533547,39.079921961012325
3.206,2695.188066792646,120.46962740430448,0.3295329390064007,39.078806679264616
3.209,2695.2088059436555,120.47145126519719,0.3266184377054105,39.08088059436555
3.211,2695.175524343718,120.47074646439928,0.3270460359830959,39.07755243437178
3.214,2695.311991753732,120.45552705637638,0.32989594917241305,39.0911991753732
3.217,2695.3930813350985,120.47179361213567,0.32956043074291624,39.09930813350985
3.22,2695.2855752773435,120.47495475320105,0.33014815033717476,39.08855752773435
3.223,2694.81498645418,120.47424226916159,0.3261505158043586,39.04149864541802
3.226,2695.0448218171828,120.47003198071934,0.32816898767017266,39.064482181718276
3.228,2694.746745909535,120.46494621693134,0.3277021917469989,39.034674590953514
3.231,2695.6179114259144,120.48020459827582,0.3283814158736101,39.12179114259144
3.234,2695.187882798766,120.47452066851812,0.328158454275385,39.07878827987662
3.237,2695.135849253782,120.47386568459378,0.32746806439192205,39.0735849253782
3.24,2694.7247092205234,120.47414531551377,0.32794870562341955,39.03247092205235
3.243,2695.029874021707,120.45122678498906,0.3280153267061135,39.06298740217072
3.245,2694.956968670182,120.47276308981711,0.32853890496461147,39.055696867018206
3.248,2695.225776768096,120.47658717708839,0.32791025963161924,39.08257767680958
3.251,2695.09986973412,120.45979465409164,0.3301912055061093,39.069986973412014
3.254,2695.2008114511673,120.48139264414012,0.3238699756594041,39.08008114511673
3.257,2695.1602170684,120.4722626873277,0.32756964618847745,39.07602170684
3.26,2695.053769756801,120.47239592688113,0.3280802320540283,39.06537697568011
3.262,2694.8419163087274,120.46737840999575,0.32774536671623294,39.04419163087274
3.265,2695.3983107574627,120.46847576370678,0.330514042100183,39.09983107574627
3.268,2694.750554350684,120.47134731174751,0.3286651359473743,39.03505543506841
3.271,2694.750581536188,120.46696191331534,0.3298866441822286,39.035058153618785
3.274,2695.4120460243116,120.45625398272622,0.32825057614772946,39.10120460243117
3.277,2695.283943494251,120.48023034384194,0.32709206737634894,39.088394349425116
3.279,2694.780600876457,120.4719220705733,0.3292860676694384,39.03806008764569
3.282,2695.0583866459724,120.4791053467745,0.32469494254414355,39.065838664597244
3.285,2695.5035203400544,120.46333470412029,0.33064941775757306,39.11035203400544
3.288,2695.5404993966617,120.4756031273635,0.3298881963006291,39.114049939666174
3.291,2695.801610491058,120.4568317641222,0.3313754830818797,39.1401610491058
3.294,2695.1082062199857,120.47791428052673,0.3266230994660881,39.07082062199858
3.296,2695.042040165126,120.47163315802857,0.32741973351325027,39.06420401651259
3.299,2695.143408475494,120.46799439927577,0.3287140218256966,39.07434084754942
3.302,2695.3546263734293,120.47123482648475,0.32990360724820034,39.095462637342926
3.305,2695.755543183147,120.46973969129856,0.32901459893175206,39.1355543183147
3.308,2695.2794957898536,120.46296171747858,0.32693843104355286,39.087949578985366
3.311,2694.831076507646,120.48168048594498,0.32718148980192724,39.04310765076458
3.313,2695.0171147758047,120.465860390061,0.33040898899949916,39.06171147758047
3.316,2695.6272281185584,120.48603033091932,0.3265491489202522,39.12272281185584
3.319,2695.7507480221016,120.48427606313517,0.3278155589802149,39.135074802210156
3.322,2695.7206534721226,120.4714889325782,0.32854825324165887,39.13206534721227
3.325,2695.2761524067687,120.46868367527857,0.32752201153378585,39.08761524067687
3.327,2695.1689953532277,120.46206455119705,0.3285814504466493,39.076899535322774
3.33,2694.8950410350535,120.49132108381646,0.32978614992588234,39.049504103505356
3.333,2695.168898412128,120.46307034176539,0.3300956961079077,39.07688984121279
3.336,2695.887357082485,120.47712574580629,0.32772583015596024,39.14873570824849
3.339,2695.6099965891926,120.4756969205826,0.32727895021648884,39.12099965891927
3.342,2694.7886971019147,120.47924884739837,0.32910536233317506,39.03886971019148
3.344,2694.789565500689,120.45442873413721,0.3291754141358414,39.03895655006892
3.347,2695.569854544695,120.49178210489599,0.32870358390351145,39.116985454469486
3.35,2695.0566387463455,120.45417816246974,0.3308954839443985,39.06566387463455
3.353,2694.6878764341773,120.47995242695843,0.32778836901255787,39.02878764341773
3.356,2695.3146030297276,120.47753132625255,0.32752744576946746,39.091460302972756
3.359,2694.7976357421326,120.46532886167476,0.32678604337007294,39.03976357421326
3.361,2695.0482459673685,120.46931579419113,0.3273013793428957,39.064824596736855
3.364,2695.3327005458414,120.45955878400308,0.32885545426247825,39.09327005458414
3.367,2695.5300711911996,120.47726984696565,0.33090566108614794,39.113007119119956
3.37,2694.8308278559603,120.48921704316162,0.3302032692310246,39.04308278559603
3.373,2695.260684954449,120.47551738302647,0.327552830177494,39.086068495444906
3.376,2695.3607559659217,120.4782967285081,0.3306639000282395,39.09607559659217
3.378,2695.4843330372028,120.4927992077419,0.3278802720313212,39.108433303720275
3.381,2694.722213659955,120.48972927161611,0.3238797656756741,39.03222136599548
3.384,2695.412524940683,120.48242651956778,0.3293112057199691,39.1012524940683
3.387,2695.3076778380905,120.45674769791337,0.3267888105522407,39.090767783809056
3.39,2695.5102262880255,120.4587272795192,0.32612878102614057,39.11102262880255
3.393,2694.383422167202,120.46423856712902,0.3297113889009089,38.99834221672019
3.395,2695.058599789551,120.4762982278596,0.32716382485008844,39.065859978955096
3.398,2695.0961945724957,120.48321591122175,0.3270052077588246,39.06961945724957
3.401,2695.3689625630554,120.46613225090692,0.32812309925047484,39.09689625630555
3.404,2695.4789343270745,120.47997349294818,0.326855040066764,39.107893432707456
3.407,2694.817724794384,120.47490739964393,0.3272488567554556,39.04177247943841
3.41,2694.6824477272576,120.47780780535795,0.3255694085705784,39.028244772725756
3.412,2695.3161887885735,120.49387705457596,0.3282631331824696,39.09161887885735
3.415,2695.4541842078856,120.4755728509183,0.32779925176478303,39.10541842078857
3.418,2695.291542870703,120.47776917530221,0.3275037366405659,39.089154287070286
3.421,2694.7230095104305,120.46643433819655,0.33118711840135867,39.032300951043055
3.424,2694.816681091759,120.48750056080907,0.3297594495128336,39.041668109175916
3.427,2695.4370418163744,120.46678270925715,0.32927446655325693,39.10370418163744
3.429,2695.150915754549,120.47619165354415,0.32682579807439754,39.075091575454884
3.432,2695.0376323465457,120.4713624085212,0.3294238990083227,39.06376323465457
3.435,2694.9518615740812,120.46735259313353,0.32630289620505154,39.05518615740813
3.438,2695.3692874643602,120.4801774885637,0.32767592031170617,39.09692874643603
3.441,2695.2570942990305,120.4656956729893,0.3273092816210172,39.085709429903055
3.444,2695.087016462251,120.47977638907432,0.33168547254028313,39.06870164622511
3.446,2695.2396035915513,120.46809788872967,0.32335327585387774,39.08396035915513
3.449,2695.452004100484,120.47526906004455,0.32614532160577236,39.1052004100484
3.452,2694.779461049703,120.4934856295407,0.3271955881522583,39.03794610497031
3.455,2695.5107385054134,120.47869862875599,0.3275251459209256,39.111073850541345
3.458,2694.5432329488153,120.47696234185261,0.32979664157736815,39.014323294881535
3.461,2695.344631833838,120.48425727575528,0.3259521122992217,39.09446318338379
3.463,2695.2055454075817,120.47711295160833,0.32687733081980863,39.08055454075817
3.466,2695.3949464529924,120.47466015399951,0.32855244976790277,39.09949464529924
3.469,2694.713481958101,120.46360517000127,0.3299935176557905,39.03134819581011
3.472,2694.8461849583337,120.46990785207123,0.3272193420152586,39.04461849583337
3.475,2694.7699548019295,120.47950212447046,0.32477572496345963,39.03699548019296
3.477,2695.068271033431,120.47080407257486,0.32624956475098366,39.06682710334309
3.48,2694.7321150333396,120.48144447997056,0.3276096163142848,39.03321150333396
3.483,2695.442268104997,120.46788621712862,0.32716000527369726,39.10422681049969
3.486,2694.729463289977,120.47981995869635,0.3296034315063551,39.03294632899771
3.489,2695.1700770509037,120.47684683604629,0.3273104329569874,39.077007705090374
3.492,2694.979308242568,120.46249341323126,0.3286797476934697,39.057930824256815
3.494,2695.451451701496,120.45022766567389,0.32756750759623043,39.10514517014959
3.497,2694.912423708409,120.47656155178937,0.3267470281394822,39.05124237084088
3.5,2695.779952489569,120.47907960921407,0.32752496565184547,39.137995248956905
3.503,2694.8323946654127,120.46800375390681,0.3278216226618014,39.04323946654127
3.506,2695.1682910417444,120.47221715481147,0.3299884115838133,39.07682910417444
3.509,2694.9377718674364,120.48055595048147,0.3287138372955517,39.05377718674364
3.511,2695.23681055076,120.47088491976763,0.3286802354999435,39.083681055075985
3.514,2695.1316218143315,120.47225672631038,0.3273602727479656,39.073162181433155
3.517,2695.2897865982072,120.47530382926034,0.3274265051948249,39.088978659820725
3.52,2695.0165100378454,120.46770772973848,0.33170569726242183,39.06165100378454
3.523,2695.1725684757707,120.46732519280373,0.3276253272391934,39.077256847577075
3.526,2694.767281796458,120.46188764715859,0.32714825257212077,39.036728179645806
3.528,2694.8633853270735,120.46349765257054,0.3282266708245205,39.04633853270735
3.531,2695.2368206997307,120.46259457494514,0.3295472306530827,39.08368206997308
3.534,2695.3021535988273,120.47427170640533,0.3277833739374221,39.090215359882734
3.537,2695.5681038597554,120.4562464039194,0.3296414567796495,39.11681038597554
3.54,2695.6838673154257,120.46633473306925,0.3308409249489222,39.12838673154257
3.543,2694.9830664247297,120.48236341147907,0.3283341822875783,39.05830664247297
3.545,2695.0964349126393,120.47215716504083,0.32287896965698754,39.06964349126393
3.548,2694.9268636860693,120.46434464794427,0.3271621002274119,39.05268636860693
3.551,2695.060624678864,120.48000564517234,0.33035225421291586,39.06606246788639
3.554,2695.129270994244,120.45685665015593,0.32630254762802674,39.072927099424405
3.557,2695.0833383695212,120.46282592542468,0.32940608127036747,39.06833383695213
3.56,2694.8052794398814,120.43943214682656,0.3313996224304746,39.04052794398814
3.562,2694.538340462713,120.47367526010818,0.32646563669652,39.01383404627133
3.565,2695.3911053423108,120.48025789659346,0.328325455097769,39.09911053423108
3.568,2694.9402411892997,120.46655002050986,0.3297015764393025,39.05402411892997
3.571,2695.1553732278053,120.47829819632977,0.3309324167747806,39.075537322780534
3.574,2695.2317051124237,120.4812654718893,0.3281620876133312,39.08317051124237
3.577,2694.598132816895,120.47780719360627,0.327947191175872,39.01981328168951
3.579,2695.57337180405,120.44710505920173,0.32911566021290345,39.117337180405016
3.582,2694.8992075223637,120.47717992130349,0.3295693907797384,39.04992075223637
3.585,2695.6221363751765,120.48105851649132,0.3270452660136918,39.12221363751765
3.588,2694.836399903796,120.47155521840536,0.33017157315963486,39.04363999037961
3.591,2695.6289179942546,120.47151337821124,0.3297138425001547,39.12289179942546
3.593,2695.1714296272994,120.46034655966629,0.32930808179356935,39.077142962729944
3.596,2695.093059323042,120.47573226291311,0.3311639111855352,39.06930593230419
3.599,2695.3236636134334,120.47820460221543,0.32740172864094785,39.09236636134334
3.602,2695.2258382775726,120.47238554671085,0.3300226338115667,39.08258382775726
3.605,2694.993229764224,120.48035449916347,0.3277268591000382,39.0593229764224
3.608,2695.048894185406,120.4624433615044,0.3283509733748554,39.0648894185406
3.61,2695.28192536023,120.46636657410376,0.327218697479311,39.088192536023016
3.613,2695.3047208599933,120.47483393035434,0.3265852139805226,39.09047208599933
3.616,2695.23244963854,120.45488173320068,0.3262819550461675,39.083244963854
3.619,2695.451034903891,120.48920393193781,0.3285840961422968,39.105103490389105
3.622,2694.556467840023,120.47074282817395,0.3309212614771906,39.015646784002286
3.625,2695.021833114413,120.47225286124677,0.3242057547144078,39.06218331144129
3.627,2695.016570488879,120.47804132676843,0.3281359719582619,39.06165704888791
3.63,2695.076629534711,120.49266790067595,0.32723911011277906,39.06766295347112
3.633,2695.221552336619,120.45480926962524,0.330742730538591,39.0821552336619
3.636,2695.5453058050975,120.46729775674476,0.3293983409026475,39.11453058050976
3.639,2694.9408232500064,120.46304703261546,0.3288097162521915,39.054082325000635
3.642,2695.276642672008,120.47477076760973,0.3313667928780439,39.08766426720082
3.644,2695.2233025354685,120.47947843339605,0.33112668385799005,39.08233025354686
3.647,2695.30894904276,120.48062483426294,0.3256293953028653,39.09089490427601
3.65,2695.0801964366237,120.46531721209679,0.32856525814104587,39.068019643662375
3.653,2695.1199673133315,120.46040305590384,0.33066483211680175,39.07199673133315
3.656,2694.4729913682513,120.46354875165048,0.32396910460402323,39.00729913682513
3.659,2695.134927661818,120.4901500573222,0.32902277888113673,39.0734927661818
3.661,2695.224034490426,120.48167446179747,0.3305582887707143,39.08240344904262
3.664,2695.035382987145,120.45598640717095,0.3293122650767962,39.06353829871451
3.667,2695.044640566168,120.45626917760305,0.32960813830522945,39.064464056616785
3.67,2695.3440640051667,120.4759530002216,0.32232825383280445,39.094406400516675
3.673,2695.4456178266155,120.45847300690181,0.32688452243104693,39.10456178266155
3.676,2695.756414735882,120.46731362800942,0.32772936957121374,39.135641473588215
3.678,2695.363027376263,120.47533355278311,0.3284325161051692,39.09630273762629
3.681,2694.965055851757,120.47674749813575,0.32751645458297607,39.05650558517569
3.684,2695.746897255869,120.46697284054405,0.3305271887640855,39.13468972558691
3.687,2695.3930042624875,120.47939219280252,0.32865155036223714,39.099300426248746
3.69,2695.2112404358786,120.48733902601374,0.33106842263832176,39.08112404358786
3.693,2695.024995237126,120.45438507711707,0.3298076052430247,39.062499523712596
3.695,2694.778483586437,120.4774268106647,0.32735469668795336,39.03784835864368
3.698,2694.9740762341985,120.46923867050229,0.3301839229558313,39.05740762341985
3.701,2695.346006176278,120.45449664390105,0.32562080353560285,39.094600617627805
3.704,2694.7906860514827,120.47944389838288,0.3259431132536115,39.03906860514827
3.707,2695.2107725455826,120.46928327051779,0.3273137492022996,39.08107725455826
3.71,2694.955297267025,120.46160373072462,0.32586128757691357,39.05552972670249
3.712,2695.0118706477892,120.4714382438593,0.3276433341561673,39.06118706477893
3.715,2695.7096625740137,120.4674059378937,0.32817677877380336,39.13096625740137
3.718,2695.2537519011107,120.47265058951714,0.3279788561716999,39.08537519011107
3.721,2695.3632606194756,120.4833561376531,0.3254312659308098,39.09632606194756
3.724,2695.236696588271,120.46748320015064,0.32785716258494263,39.08366965882711
3.727,2695.4851570534547,120.48588687626108,0.3242691198959755,39.108515705345475
3.729,2695.1521581076054,120.45467864142407,0.3244332263921286,39.07521581076054
3.732,2695.6118263331637,120.46899708291924,0.330469883364263,39.121182633316366
3.735,2695.3233419274934,120.48010057264729,0.3281645179656569,39.09233419274934
3.738,2694.916610141914,120.44888804673404,0.3294367752417019,39.05166101419142
3.741,2695.62813577342,120.48633474597969,0.32923528847082123,39.122813577342015
3.743,2695.616468666683,120.46472009429527,0.32924233656451024,39.1216468666683
3.746,2694.741759755814,120.44864676914918,0.32894941302872865,39.03417597558142
3.749,2695.6589634088937,120.47371362646024,0.3286647692614958,39.12589634088937
3.752,2695.1144229576175,120.46525782439093,0.3269282277312756,39.071442295761756
3.755,2696.026205837578,120.47132763962675,0.3263365072552556,39.16262058375779
3.758,2695.8262529210406,120.48040428004076,0.32674898161724525,39.14262529210406
3.76,2694.9506849426202,120.4789028997632,0.32912870735906125,39.055068494262024
3.763,2695.4529985319796,120.4716855176409,0.32752457745323277,39.10529985319796
3.766,2694.9130885275804,120.47003127112445,0.327453179146208,39.05130885275804
3.769,2695.302348757984,120.44977986738797,0.3282599501023209,39.0902348757984
3.772,2694.99654909131,120.48682057054187,0.32733397981471984,39.059654909131005
3.775,2695.38084408162,120.46710347366108,0.3275732100498289,39.098084408162016
9.601,2696.381255762692,120.46595526480024,0.3277925743374304,39.198125576269206
17.967,2698.8549639756716,120.47244685651248,0.3277455032873544,39.44549639756716
26.257,2700.365378920523,120.44607561605125,0.3299048985039397,39.596537892052325
34.451,2701.211587162354,120.44085829480449,0.33278627633127544,39.681158716235416
42.618,2702.118613458688,120.45214034658005,0.33222017750439925,39.771861345868786
50.947,2702.674552026191,120.46396599898186,0.33264113632719616,39.82745520261911
59.19,2702.971058441552,120.44090476529247,0.3335620291793418,39.85710584415521
67.363,2703.18388737486,120.45302624559497,0.3363021386871219,39.87838873748602
75.644,2703.4228154293532,120.43364388674671,0.3363333464109264,39.90228154293533
83.825,2703.2815264847177,120.45993612570608,0.3381278298562372,39.888152648471774
92.007,2703.544017883598,120.43659523049088,0.3368034722908546,39.9144017883598
100.194,2703.618020314029,120.4395584750843,0.3371673123758303,39.92180203140289
108.426,2703.851242265569,120.44149706284976,0.3368930375416758,39.9451242265569
116.615,2704.171861659049,120.44023857023093,0.3358958446193509,39.97718616590488
124.889,2703.385446899306,120.43908379493881,0.3368376158379392,39.89854468993059
133.253,2703.734415365138,120.44228926684222,0.3382370683757635,39.9334415365138
141.431,2703.6724600116386,120.44811098199372,0.33609650933956103,39.92724600116386
149.63,2704.2107735546397,120.43886354080206,0.3378422915633163,39.98107735546397
157.791,2703.7187406438275,120.43342194018186,0.3362929027668,39.93187406438275
166.035,2704.0267349615788,120.43524830837327,0.33677729496116376,39.962673496157876
174.273,2704.0076665326906,120.43343688733117,0.33481334137152496,39.96076665326906
182.492,2703.7768524631515,120.46302378505541,0.3370664850017229,39.937685246315155
190.649,2703.4391343871835,120.45449005976424,0.3365039654675472,39.90391343871835
198.871,2703.569521573341,120.45439579699651,0.334345509380829,39.91695215733408
207.081,2704.2332662876397,120.42571561479303,0.33348389497720093,39.983326628763976
215.254,2704.0264765121583,120.44627204934645,0.33791401484655137,39.96264765121583
223.441,2703.8922387265534,120.42749726603817,0.3358659698147653,39.94922387265534
231.633,2703.6631914673208,120.43869579873618,0.33456935186909176,39.92631914673208
239.908,2703.6651884836065,120.44475000165114,0.33510183980933467,39.92651884836065
248.278,2703.5954539866552,120.45950609089574,0.3382130117788844,39.91954539866553
256.469,2703.9582280153995,120.43769434676975,0.3340521057774747,39.95582280153995
264.674,2703.428477163162,120.42841400567913,0.3348452037198078,39.902847716316195
272.905,2703.1642563471955,120.44033809327243,0.3331051939300099,39.87642563471955
281.156,2703.4393950514245,120.43832096986254,0.33480923012637753,39.90393950514245
289.299,2703.786735639664,120.4161603779163,0.33774941422826477,39.93867356396642
297.342,2703.847912107983,120.44011905350882,0.33356809266769083,39.944791210798314
305.464,2703.6345968030587,120.44953952341999,0.33707947890284434,39.92345968030587
313.551,2704.3910551643207,120.44830573666728,0.33769794075444104,39.999105516432074
321.385,2703.8032685645458,120.44711392112295,0.3327209921829304,39.940326856454575
329.564,2703.3744677514806,120.43905817124134,0.3366777853518456,39.897446775148055
337.718,2704.058058254363,120.42012307849622,0.3348137177367294,39.965805825436306
345.808,2703.983349824513,120.44297808406628,0.33470803184309583,39.9583349824513
354.086,2703.7139560997875,120.44303434097007,0.3346979750099951,39.93139560997876
362.194,2703.9584154745285,120.44222316868566,0.3333109105831657,39.95584154745285
370.318,2703.822455573088,120.42710089167042,0.3375924792060009,39.94224555730881
378.45,2703.9244185373973,120.43600559807902,0.3395745837540545,39.95244185373973
386.555,2703.9197723673947,120.42587258874191,0.33876064714467624,39.95197723673947
394.687,2703.665553278069,120.42573670118377,0.3362014284613343,39.92655532780692
402.764,2704.3105706286406,120.4430482193,0.33370914528694146,39.99105706286406
410.839,2703.4143900486742,120.42667207956804,0.33371278980126945,39.90143900486743
418.941,2703.5785828393546,120.43252779088104,0.33598547295053566,39.91785828393546
427.056,2703.792682033384,120.44970441642296,0.33507321855376687,39.939268203338415
435.136,2703.57796495664,120.4173373454191,0.33866704403467196,39.91779649566398
443.227,2703.768919164969,120.43018059216392,0.3372937982249762,39.93689191649688
451.347,2704.1728735550178,120.43411799977754,0.33636645376559354,39.97728735550178
459.54,2704.0268744151535,120.45459074232741,0.3395234047270223,39.96268744151536
467.724,2703.913877538607,120.43845114625933,0.33889136585465646,39.951387753860686
475.984,2704.130719026242,120.4412500659516,0.3352733329466354,39.97307190262419
484.128,2703.5418909135465,120.43277193598124,0.3379702499460739,39.91418909135465
492.251,2703.604313238288,120.43803812268047,0.33804096120896093,39.920431323828794
500.34,2703.540938089944,120.43842682836559,0.33437180898108243,39.914093808994416
508.523,2703.922974119439,120.43299480868049,0.3335944149356367,39.9522974119439
516.709,2704.1206218413945,120.4266544533516,0.33381553699808675,39.97206218413945
524.93,2703.617788784415,120.44830014463106,0.33579913767539804,39.921778878441515
533.035,2703.4905245380787,120.44118366594996,0.34010460190374164,39.909052453807874
541.174,2703.5578608380815,120.43237349186815,0.3355231538614074,39.91578608380816
549.291,2703.8430607598307,120.44149726223898,0.33693157505855376,39.94430607598307
557.381,2703.537952569753,120.4378570113908,0.3389838431214391,39.91379525697531
565.568,2704.2152138000424,120.44086948115762,0.33529948149282796,39.981521380004246
573.763,2703.776133711637,120.43694139785724,0.3370288218163837,39.93761337116372
581.908,2703.4668751498357,120.42563150765716,0.334754361547435,39.906687514983574
590.06,2703.837611639371,120.42985853727805,0.3345316944985254,39.94376116393711
598.173,2703.3877770227223,120.45059014308329,0.3359293342002939,39.89877770227223
606.379,2703.682604701148,120.45131986520838,0.3329485174641767,39.92826047011482
614.51,2703.7443734642084,120.44604184198253,0.3346435899291619,39.934437346420836
622.623,2703.7672748625537,120.42277093341072,0.33491343907776777,39.93672748625537
630.758,2703.425841903651,120.42492919605746,0.3375957144661134,39.9025841903651
638.853,2703.4286140576933,120.4376107079876,0.33707228347358975,39.90286140576933
646.944,2703.27688095612,120.43378772835692,0.33649913724913544,39.887688095611985
655.1,2703.683821956365,120.43531535073058,0.339074463100468,39.928382195636516
663.2,2704.056614851656,120.43697699912384,0.33551930882296505,39.9656614851656
671.368,2703.8853057668757,120.4305097163447,0.3336463199310706,39.948530576687574
679.434,2703.7246598297133,120.42608320073576,0.3339609015375094,39.93246598297134
687.577,2703.4431545836915,120.44451706350762,0.3375033376209683,39.90431545836915
695.706,2703.918977544304,120.43906511791802,0.3355216318401719,39.95189775443042
703.845,2703.753370067483,120.44038944971724,0.33541351321754964,39.935337006748306
712.137,2703.836362179124,120.42403431029065,0.33944968894399286,39.94363621791241
720.356,2703.92932118871,120.42757382514553,0.3366503801849311,39.952932118871026
728.423,2703.907040527404,120.45152051331293,0.33122060189004704,39.95070405274042
736.536,2703.5087435324504,120.42855740246303,0.3364301742610125,39.910874353245035
744.679,2704.2112043424568,120.43124476361875,0.337685599222134,39.98112043424568
752.693,2703.8417358706206,120.4441260766148,0.33494046161422003,39.94417358706206
760.823,2703.8915722348656,120.43865395097272,0.33452520120204626,39.949157223486566
769.005,2703.729042837295,120.44746997152566,0.3337041276370828,39.932904283729485
777.109,2703.8472953463593,120.45565565209662,0.3378532193442365,39.944729534635925
785.296,2704.3633246344684,120.45229799134046,0.33315638582398993,39.99633246344685
793.467,2703.582551114105,120.44546636895784,0.3332660360484426,39.91825511141052
801.297,2704.061051969601,120.44606138062038,0.3383839968967742,39.96610519696011
809.413,2704.0018946261075,120.4371121482342,0.33547356948220697,39.96018946261076
817.743,2703.742969858815,120.43262587944427,0.3349213593870323,39.93429698588149
825.931,2704.5127028083166,120.45070966941485,0.3356747359545166,40.01127028083166
834.037,2703.489134060773,120.453710650091,0.3353352841584799,39.90891340607728
842.226,2703.851018095205,120.42898881665513,0.33163840556712476,39.94510180952049
850.469,2703.423772535871,120.43377924487929,0.3347039599572194,39.90237725358712
858.756,2703.660044162724,120.44800414018593,0.3346553625072349,39.926004416272384
866.862,2704.024551762346,120.44007184360457,0.3370141043001414,39.96245517623462
874.93,2704.3065608784145,120.45141250778929,0.3355641486702238,39.99065608784146
883.059,2703.5165468595087,120.44531121975464,0.33533474111123557,39.91165468595087
891.154,2703.5105882676307,120.44005557583391,0.33394034096787895,39.911058826763075
899.498,2704.124371094904,120.43919211136341,0.3372286507664203,39.972437109490386
907.604,2703.6832069196853,120.4596636610233,0.3342121208147614,39.92832069196853
915.796,2703.7101619539008,120.43753654283347,0.33907375020635544,39.93101619539008
923.929,2703.9944729146323,120.43487369518667,0.33529376734963995,39.959447291463235
932.048,2704.466476519651,120.43956136907245,0.3340835358353047,40.006647651965125
940.2,2704.035022258329,120.44964415237959,0.3348739150175057,39.96350222583288
948.487,2703.9151076606377,120.42772058097295,0.3380451537392374,39.95151076606377
956.615,2703.769588367402,120.43260195031671,0.33734080984181314,39.93695883674019
964.767,2703.6937129069643,120.4333177727672,0.3374917769881196,39.92937129069643
972.886,2703.5895231639183,120.43766621280186,0.334705996089412,39.91895231639184
980.968,2703.5496499871124,120.44548968827938,0.33751996624413555,39.91496499871124
989.002,2703.377841553105,120.42666118257844,0.3390096750005806,39.89778415531051
997.189,2704.224535577949,120.4300779308904,0.33314310866669034,39.98245355779492
1005.328,2703.8336055403834,120.43722585120143,0.3339930353780418,39.943360554038335
1013.448,2703.846794763352,120.42677424179169,0.33411242457334966,39.94467947633522
1021.577,2703.792959947068,120.4283597138192,0.3357888809489761,39.93929599470681
1029.699,2703.8302806505,120.4284585784388,0.338217369543824,39.94302806504999
1037.772,2704.1726030310256,120.4228938225634,0.33604464408255447,39.97726030310256
1045.841,2704.4409151269933,120.45053373350042,0.337248739314107,40.00409151269933
1053.992,2703.725022531503,120.45134310232461,0.33654514676726255,39.93250225315029
1062.168,2703.6897662464016,120.42441763616307,0.3337763032596904,39.928976624640164
1070.374,2704.1889582629983,120.43434386404446,0.33534951289674125,39.97889582629983
1078.43,2704.0477192464473,120.44154920644094,0.33577417593965864,39.96477192464473
1086.506,2703.8468878473755,120.43143889913691,0.33271273213871805,39.94468878473755
1094.596,2703.872213475,120.43775353752248,0.33707332733914297,39.94722134750001
1102.774,2703.9219715860386,120.43603447089781,0.33657390230894496,39.95219715860386
